"incident_id","category","subcategory","product","vendor","confidence_score","self_resolved","rationale","keywords_identified","root_cause_indicator","root_cause"
"INC47980157","ProcessInformational","OperationalEvents","User Self-Resolved","","0.98","True","Description states 'No Help Desk support needed: self-resolved', which maps to informational operational event: user self-resolved.","['self-resolved', 'No Help Desk support needed']","Unknown","Issue resolved by user; no assistance required."
"INC47980158","ProcessInformational","OperationalEvents","User Self-Resolved","","0.98","True","Ticket explicitly indicates self-resolution; best fit is OperationalEvents > User Self-Resolved.","['self-resolved', 'No Help Desk support needed']","Unknown","User addressed the problem independently."
"INC47980179","ProcessInformational","OperationalEvents","User Self-Resolved","","0.98","True","Marked as 'No Help Desk support needed: self-resolved', aligning to informational user self-resolved event.","['self-resolved', 'informational']","Unknown","Resolved by end user without support."
"INC47980234","ProcessInformational","OperationalEvents","User Self-Resolved","","0.98","True","Self-resolved per description; classify as OperationalEvents > User Self-Resolved.","['self-resolved', 'No Help Desk support needed']","Unknown","User remediation completed; no further action."
"INC47980248","ProcessInformational","OperationalEvents","User Self-Resolved","","0.98","True","Description indicates no help desk support needed and self-resolved.","['self-resolved', 'informational']","Unknown","End user fixed the issue."
"INC47980266","ProcessInformational","OperationalEvents","User Self-Resolved","","0.98","True","Clearly flagged as self-resolved; this matches the User Self-Resolved product under OperationalEvents.","['self-resolved', 'No Help Desk support needed']","Unknown","Issue closed by user after resolving independently."
"INC47980189","Network","VPN_RemoteAccess","Cisco Secure","Cisco","0.8","False","Incident mentions inability to connect to VPN and references Cisco on Windows, indicating a Cisco VPN remote access client issue.","['Cannot Connect', 'VPN', 'Network', 'Cisco', 'Windows']","Unknown","Insufficient details, but likely Cisco VPN client connectivity problem on Windows."
"INC47980333","ProcessInformational","OperationalEvents","User Self-Resolved","","0.98","True","Marked as 'self-resolved'; maps to ProcessInformational > OperationalEvents > User Self-Resolved.","['self-resolved', 'No Help Desk support needed']","Unknown","User resolved the issue; informational ticket."
"INC47980334","ProcessInformational","OperationalEvents","User Self-Resolved","","0.98","True","Description indicates self-resolution; aligns to OperationalEvents > User Self-Resolved.","['self-resolved', 'informational']","Unknown","Issue was resolved by the user without help desk involvement."
"INC47980361","ProcessInformational","OperationalEvents","User Self-Resolved","","0.98","True","Explicitly states 'No Help Desk support needed: self-resolved', mapping to User Self-Resolved informational event.","['self-resolved', 'No Help Desk support needed']","Unknown","End user fixed the problem; no further support necessary."
"INC47980364","ProcessInformational","OperationalEvents","User Self-Resolved","","0.95","True","Ticket explicitly states no Help Desk support needed and self-resolved; matches ProcessInformational > OperationalEvents > User Self-Resolved.","['self-resolved', 'no help desk support']","Unknown","Issue was resolved by the user; specific cause not provided."
"INC47980371","ProcessInformational","OperationalEvents","User Self-Resolved","","0.95","True","Explicitly marked self-resolved; aligns with OperationalEvents > User Self-Resolved.","['self-resolved', 'no help desk support']","Unknown","User resolved the issue without assistance; cause unspecified."
"INC47980397","ProcessInformational","OperationalEvents","User Self-Resolved","","0.95","True","Self-resolved noted in description; fits User Self-Resolved classification.","['self-resolved']","Unknown","Issue self-resolved; no causation details provided."
"INC47980403","ProcessInformational","OperationalEvents","User Self-Resolved","","0.95","True","Description says no help desk support needed and self-resolved, which maps to User Self-Resolved.","['self-resolved', 'no help desk']","Unknown","Resolved by end user; underlying cause not identified."
"INC47980420","ProcessInformational","OperationalEvents","User Self-Resolved","","0.95","True","Self-resolved per ticket; appropriate classification is OperationalEvents > User Self-Resolved.","['self-resolved']","Unknown","User remedied the issue; cause unspecified."
"INC47980441","ProcessInformational","OperationalEvents","User Self-Resolved","","0.95","True","Marked as self-resolved; matches ProcessInformational taxonomy for user self-resolution.","['self-resolved']","Unknown","Self-resolved by user; no further details."
"INC47980443","ProcessInformational","OperationalEvents","User Self-Resolved","","0.95","True","Ticket indicates no support needed and self-resolved; correctly classified as User Self-Resolved.","['self-resolved', 'no support needed']","Unknown","Issue resolved by user; cause not provided."
"INC47980326","CloudInfrastructure","Virtualization_Remote","Virtual Desktop Issues","","0.8","False","""Omni VDI - unable to access"" indicates trouble accessing a virtual desktop environment; fits CloudInfrastructure > Virtualization_Remote > Virtual Desktop Issues.","['Omni VDI', 'unable to access', 'VDI']","Configuration","Likely user not provisioned/entitled for Omni VDI or profile misconfiguration causing access failure."
"INC47980220","UserAccessAuthentication","IdentityAccess","Other","","0.75","False","Unable to access Microsoft Copilot app on Windows suggests identity/licensing/policy-related access; fits UserAccessAuthentication > IdentityAccess. Specific issue unclear, so Other.","['Microsoft Copilot', 'unable to access', 'Windows', 'app access']","Configuration","Copilot access likely blocked due to missing M365 license or organizational policy configuration."
"INC47980478","ProcessInformational","OperationalEvents","User Self-Resolved","","0.95","True","Self-resolved noted; maps to OperationalEvents > User Self-Resolved.","['self-resolved']","Unknown","Issue resolved by user; no cause provided."
"INC47980274","Network","VPN_RemoteAccess","Cisco Secure","Cisco","0.8","False","The description explicitly mentions VPN connectivity with Cisco on Windows, which aligns with Network > VPN_RemoteAccess > Cisco Secure.","['VPN', 'Cisco', 'Windows', 'Cannot Connect']","Unknown","VPN client (Cisco Secure) unable to establish connection; exact cause (auth vs. network) not specified."
"INC47980488","ProcessInformational","OperationalEvents","User Self-Resolved","","0.95","True","Text states the issue was self-resolved, which maps to ProcessInformational > OperationalEvents > User Self-Resolved.","['self-resolved', 'no help desk']","Unknown","User self-resolved; no causation details provided."
"INC47980237","TelephonyContactCenter","ContactCenter","Agent Desktop","Genesys","0.85","False","Genesys Workspace is an agent desktop for contact centers; SSO 'User not found' maps to TelephonyContactCenter > ContactCenter > Agent Desktop.","['Genesys Workspace', 'SSO', 'GWS 8.6', 'User not found']","Configuration","User account not provisioned/mapped in Genesys Workspace SSO (GWS 8.6), resulting in 'User not found'."
"INC47980200","TelephonyContactCenter","UnifiedCommunications","Other","Cisco Webex","0.75","False","Webex is a unified communications/collaboration platform; 'account is not authorized' fits TelephonyContactCenter > UnifiedCommunications > Other.","['Webex', 'account not authorized']","Security","User lacks entitlement/authorization to access Webex service."
"INC47980527","ProcessInformational","OperationalEvents","User Self-Resolved","","0.95","True","Marked self-resolved; maps to ProcessInformational > OperationalEvents > User Self-Resolved.","['self-resolved', 'no help desk']","Unknown","User self-resolved; no causation details provided."
"INC47980530","ProcessInformational","OperationalEvents","User Self-Resolved","","0.95","True","Marked self-resolved; maps to ProcessInformational > OperationalEvents > User Self-Resolved.","['self-resolved', 'no help desk']","Unknown","User self-resolved; no causation details provided."
"INC47980282","UserAccessAuthentication","IdentityAccess","MFA/SSO Issues","Microsoft","0.9","False","Microsoft Authenticator registration/management is an MFA enrollment issue; maps to UserAccessAuthentication > IdentityAccess > MFA/SSO Issues.","['Microsoft Authenticator', 'Register', 'Manage', 'MFA']","Security","MFA enrollment/management required for Microsoft Authenticator (e.g., new device or setup not completed)."
"INC47980563","ProcessInformational","OperationalEvents","User Self-Resolved","","0.95","True","Marked self-resolved; maps to ProcessInformational > OperationalEvents > User Self-Resolved.","['self-resolved', 'no help desk']","Unknown","User self-resolved; no causation details provided."
"INC47980577","ProcessInformational","OperationalEvents","User Self-Resolved","","0.95","True","Marked self-resolved; maps to ProcessInformational > OperationalEvents > User Self-Resolved.","['self-resolved', 'no help desk']","Unknown","User self-resolved; no causation details provided."
"INC47980479","HealthcareSystems","Payer_Member_Provider","Claims Adjudication","Jacada / CPS","0.8","False","Claim Payment System (CPS) is a payer claims platform; login issues map to HealthcareSystems > Payer_Member_Provider > Claims Adjudication.","['CPS', 'Claim Payment System', 'Jacada', 'Unable to log in']","Security","Authentication/authorization issue preventing access to CPS (Jacada)."
"INC47980295","Network","ConnectivityIssues","ISP Degradation","","0.85","False","User cannot connect to VPN or Internet over Spectrum wired connection; points to an ISP-related connectivity issue rather than a specific device or app.","[]","",""
"INC47980601","ProcessInformational","OperationalEvents","User Self-Resolved","","0.95","False","Ticket explicitly states no help desk support needed and self-resolved.","[]","",""
"INC47980487","WebApplications","Data_API","Other","","0.6","False","Employment status displayed incorrectly in the Secure application suggests a data/integration issue within a web app rather than UI layout or hardware.","[]","",""
"INC47980607","ProcessInformational","OperationalEvents","User Self-Resolved","","0.95","False","Ticket states no help desk support needed and self-resolved.","[]","",""
"INC47980230","Network","PerformanceIssues","Packet Loss","","0.75","False","Internet connection described as slow or dropping indicates network performance issues such as packet loss.","[]","",""
"INC47980626","ProcessInformational","OperationalEvents","User Self-Resolved","","0.95","False","Ticket states no help desk support needed and self-resolved.","[]","",""
"INC47980668","ProcessInformational","OperationalEvents","User Self-Resolved","","0.95","False","Ticket states no help desk support needed and self-resolved.","[]","",""
"INC47980691","ProcessInformational","OperationalEvents","User Self-Resolved","","0.95","False","Ticket states no help desk support needed and self-resolved.","[]","",""
"INC47980693","ProcessInformational","OperationalEvents","User Self-Resolved","","0.95","False","Ticket states no help desk support needed and self-resolved.","[]","",""
"INC47980428","Network","ConnectivityIssues","Wi-Fi","","0.8","False","Cannot connect to internet on wireless (Xfinity) while using Cisco Secure client; primary issue is Wi-Fi/ISP connectivity affecting VPN usage.","[]","",""
"INC47980733","ProcessInformational","OperationalEvents","User Self-Resolved","","0.98","True","Ticket explicitly states no help desk support needed and self-resolved.","['self-resolved', 'No Help Desk support needed']","Unknown","Issue resolved by user prior to support engagement."
"INC47980409","Network","VPN_RemoteAccess","Cisco Secure","Cisco Secure Client","0.85","False","Mentions Cisco Secure Client and inability to connect to VPN across networks; fits VPN remote access using Cisco client.","['Cisco Secure Client', 'unable to connect', 'VPN', 'T-Mobile', 'Wired']","Configuration","Likely misconfigured Cisco Secure VPN profile/client preventing connection on both T-Mobile and wired networks."
"INC47980737","ProcessInformational","OperationalEvents","User Self-Resolved","","0.98","True","Ticket explicitly states self-resolved; no support required.","['self-resolved', 'No Help Desk support needed']","Unknown","Issue resolved by user prior to support engagement."
"INC47980746","ProcessInformational","OperationalEvents","User Self-Resolved","","0.98","True","Ticket explicitly notes self-resolved; informational only.","['self-resolved', 'No Help Desk support needed']","Unknown","Issue resolved by user prior to support engagement."
"INC47980433","TelephonyContactCenter","UnifiedCommunications","Headset Configuration","","0.8","False","Headset not working commonly relates to UC audio device/headset configuration.","['Headset', 'not working']","Configuration","Incorrect default audio device or headset settings causing no audio."
"INC47980769","ProcessInformational","OperationalEvents","User Self-Resolved","","0.98","True","Ticket explicitly states self-resolved.","['self-resolved', 'No Help Desk support needed']","Unknown","Issue resolved by user prior to support engagement."
"INC47980802","ProcessInformational","OperationalEvents","User Self-Resolved","","0.98","True","Ticket explicitly states self-resolved.","['self-resolved', 'No Help Desk support needed']","Unknown","Issue resolved by user prior to support engagement."
"INC47980617","UserAccessAuthentication","IdentityAccess","Other","","0.75","False","""Unable to login to EWD"" indicates authentication/access issue; specific cause (password, SSO, lockout) not provided.","['unable to login', 'EWD', 'Enterprise Work Delivery']","Security","Authentication failure for EWD (account or SSO issue likely)."
"INC47980828","ProcessInformational","OperationalEvents","User Self-Resolved","","0.98","True","Ticket explicitly states self-resolved.","['self-resolved', 'No Help Desk support needed']","Unknown","Issue resolved by user prior to support engagement."
"INC47980753","Network","VPN_RemoteAccess","Tunnel Drops","Cisco AnyConnect","0.92","False","""cisco anyconnect | connection dropping"" maps to VPN remote access with tunnel drops.","['Cisco AnyConnect', 'connection dropping', 'VPN']","Infrastructure","Intermittent network instability causing VPN tunnel to drop."
"INC47980857","ProcessInformational","OperationalEvents","User Self-Resolved","","0.99","True","Incident explicitly states no help desk support needed and self-resolved; this maps to an informational operational event.","['self-resolved', 'no help desk support']","Unknown","User reported the issue was self-resolved; no causal details provided."
"INC47980862","ProcessInformational","OperationalEvents","User Self-Resolved","","0.99","True","Explicitly marked as self-resolved; fits OperationalEvents > User Self-Resolved.","['self-resolved', 'no help desk support']","Unknown","Issue resolved by user without help desk involvement; cause not specified."
"INC47980590","Hardware","PeripheralMalfunction","Monitor","","0.92","False","""2nd ext monitor not working"" indicates an external monitor peripheral malfunction.","['2nd external monitor', 'not working']","Infrastructure","Likely hardware/peripheral issue (e.g., faulty cable, port, or dock) causing the second monitor not to function."
"INC47980874","ProcessInformational","OperationalEvents","User Self-Resolved","","0.99","True","Marked self-resolved; informational ticket.","['self-resolved']","Unknown","User indicated issue is resolved; no details on cause."
"INC47980878","ProcessInformational","OperationalEvents","User Self-Resolved","","0.99","True","No Help Desk support needed and self-resolved; maps to User Self-Resolved.","['self-resolved']","Unknown","Self-resolved by user; cause unspecified."
"INC47980886","ProcessInformational","OperationalEvents","User Self-Resolved","","0.99","True","Ticket indicates self-resolved; informational.","['self-resolved']","Unknown","User resolved the issue; no cause provided."
"INC47980891","ProcessInformational","OperationalEvents","User Self-Resolved","","0.99","True","Explicitly self-resolved; categorize as OperationalEvents > User Self-Resolved.","['self-resolved']","Unknown","Self-resolved; insufficient detail for specific cause."
"INC47980340","Hardware","PeripheralMalfunction","Docking Station","","0.96","False","""Docking station not turning on"" is a hardware peripheral malfunction of the dock.","['docking station', 'not turning on']","Infrastructure","Dock likely has a power or hardware failure (e.g., bad power adapter or faulty dock)."
"INC47980424","EndUserSupport","SupportRequests","How-To/Config Questions","","0.75","False","""Monitor Display Settings"" suggests assistance needed with configuring display rather than hardware failure.","['monitor', 'display settings']","Configuration","User requires help adjusting display configuration (e.g., extend/duplicate settings, resolution)."
"INC47980913","ProcessInformational","OperationalEvents","User Self-Resolved","","0.99","True","Marked as self-resolved; informational event.","['self-resolved']","Unknown","User self-resolved; no causal details provided."
"INC47980914","ProcessInformational","OperationalEvents","User Self-Resolved","","0.95","True","Ticket explicitly states no help desk support needed and self-resolved, which maps to an informational operational event: User Self-Resolved.","['self-resolved', 'no help desk support']","Unknown","User resolved the issue independently; specific cause not provided."
"INC47980955","ProcessInformational","OperationalEvents","User Self-Resolved","","0.95","True","Ticket indicates self-resolved; matches OperationalEvents > User Self-Resolved.","['self-resolved', 'no help desk support']","Unknown","User resolved the issue independently; specific cause not provided."
"INC47980486","Network","VPN_RemoteAccess","Cisco Secure","","0.9","False","""Cisco secure unable to connect to the vpn"" points to a VPN remote access issue specifically with the Cisco Secure client.","['Cisco Secure', 'VPN', 'unable to connect']","Unknown","Cisco Secure VPN client unable to establish connection; exact cause (auth, policy, network) not specified."
"INC47980973","UserAccessAuthentication","IdentityAccess","Account Lockout","","0.9","False","""Windows Account Has Been Disabled"" maps to Identity/Access issues—account locked/disabled.","['Windows account', 'disabled', 'lockout']","Security","Account disabled per security policy or administrative action, preventing login."
"INC47981008","ProcessInformational","OperationalEvents","User Self-Resolved","","0.95","True","Self-resolved per description; aligns to informational operational event.","['self-resolved', 'no help desk support']","Unknown","User resolved the issue independently; specific cause not provided."
"INC47980568","Hardware","PeripheralMalfunction","Monitor","","0.8","False","""Display flickering"" under Hardware suggests a monitor/peripheral malfunction.","['display flickering', 'hardware', 'monitor']","Infrastructure","Hardware issue such as failing monitor or loose/defective video cable causing flicker."
"INC47980162","Software","ConfigurationIssues","Drive Mappings","","0.85","False","Requesting/mapping/troubleshooting network drives maps to Software configuration issues—Drive Mappings.","['Windows', 'network drives', 'mapping', 'troubleshooting']","Configuration","Incorrect or missing drive mapping configuration or permissions."
"INC47980875","EndpointManagement","Patching_SoftwareDistribution","Driver/Firmware","","0.9","False","Firmware update stuck aligns with endpoint patching/software distribution for drivers/firmware.","['hardware', 'firmware update', 'stuck']","Change_Related","Firmware update process stalled mid-sequence; likely deployment/tool issue."
"INC47980967","ProcessInformational","OperationalEvents","Informational Ticket","","0.7","False","""Broadband Modem Returns"" appears to be a logistical/informational note rather than a technical incident.","['broadband modem', 'returns']","Third_Party","External ISP equipment return processing; no technical fault indicated."
"INC47980329","EndpointManagement","Security_Baselines","Disk Encryption","","0.9","False","BitLocker recovery key prompt after startup maps to endpoint security baselines—disk encryption.","['BitLocker', 'recovery key', 'startup']","Change_Related","TPM/secure boot or BIOS/firmware change triggered BitLocker to require recovery key."
"INC47980323","Network","VPN_RemoteAccess","Cisco Secure","Cisco","0.9","False","Cisco Secure Client failing to connect while on AT&T wireless indicates a VPN remote access issue specific to the Cisco Secure client.","['Cisco Secure Client', 'unable to connect', 'AT&T', 'wireless', 'VPN']","Third_Party","AT&T wireless network likely blocking or unstable for VPN, preventing Cisco Secure Client from establishing a tunnel."
"INC47980520","ProcessInformational","OperationalEvents","Informational Ticket","","0.95","False","Ticket explicitly indicates an informational/documentation-only submission, not a technical incident.","['Informational', 'Documentation Only Ticket']","Unknown","No issue reported; ticket created for documentation purposes only."
"INC47980388","Hardware","PeripheralMalfunction","Monitor","","0.9","False","External monitor issues map to hardware peripheral malfunction affecting the monitor.","['Hardware', 'External Monitor Issues']","Infrastructure","External monitor or associated cabling/dock likely malfunctioning causing display issues."
"INC47980945","Network","ConnectivityIssues","LOA/M&A Network Issues","Cisco","0.75","False","Unable to access Cisco Jabber in an M&A (CMM) context suggests network access/policy integration issues tied to M&A activities.","['M&A', 'CMM', 'unable to access', 'Cisco Jabber']","Change_Related","Post-M&A network segmentation/policies not yet integrated, blocking access to Cisco Jabber for CMM users."
"INC47980145","ProcessInformational","OperationalEvents","User Self-Resolved","","0.99","True","Ticket states no help desk support needed and self-resolved.","['self-resolved', 'No Help Desk support needed']","Unknown","Issue resolved by user; specific cause not provided."
"INC47980148","ProcessInformational","OperationalEvents","User Self-Resolved","","0.99","True","Ticket states no help desk support needed and self-resolved.","['self-resolved', 'No Help Desk support needed']","Unknown","Issue resolved by user; specific cause not provided."
"INC47980184","ProcessInformational","OperationalEvents","User Self-Resolved","","0.99","True","Ticket states no help desk support needed and self-resolved.","['self-resolved', 'No Help Desk support needed']","Unknown","Issue resolved by user; specific cause not provided."
"INC47980185","ProcessInformational","OperationalEvents","User Self-Resolved","","0.99","True","Ticket states no help desk support needed and self-resolved.","['self-resolved', 'No Help Desk support needed']","Unknown","Issue resolved by user; specific cause not provided."
"INC47980187","ProcessInformational","OperationalEvents","User Self-Resolved","","0.99","True","Ticket states no help desk support needed and self-resolved.","['self-resolved', 'No Help Desk support needed']","Unknown","Issue resolved by user; specific cause not provided."
"INC47980197","ProcessInformational","OperationalEvents","User Self-Resolved","","0.99","True","Ticket states no help desk support needed and self-resolved.","['self-resolved', 'No Help Desk support needed']","Unknown","Issue resolved by user; specific cause not provided."
"INC47980215","ProcessInformational","OperationalEvents","User Self-Resolved","","0.98","True","Ticket explicitly states no Help Desk support needed and was self-resolved; fits informational operational event.","['self-resolved', 'no help desk']","Unknown","User resolved issue independently; no cause details provided."
"INC47980293","ProcessInformational","OperationalEvents","User Self-Resolved","","0.98","True","Marked as self-resolved; aligns to informational operational events.","['self-resolved', 'no help desk']","Unknown","User resolved issue independently; no cause details provided."
"INC47980309","ProcessInformational","OperationalEvents","User Self-Resolved","","0.98","True","Self-resolved noted; matches User Self-Resolved classification.","['self-resolved', 'no help desk']","Unknown","User resolved issue independently; no cause details provided."
"INC47980310","ProcessInformational","OperationalEvents","User Self-Resolved","","0.98","True","Explicitly self-resolved; fits ProcessInformational > OperationalEvents.","['self-resolved', 'no help desk']","Unknown","User resolved issue independently; no cause details provided."
"INC47980322","ProcessInformational","OperationalEvents","User Self-Resolved","","0.98","True","No Help Desk support needed and self-resolved; informational operational event.","['self-resolved', 'no help desk']","Unknown","User resolved issue independently; no cause details provided."
"INC47980256","EndUserSupport","SupportRequests","How-To/Config Questions","","0.85","False","Request is a secure how-to for reactivating a Microsoft domain ID; aligns with support how-to/config.","['How To', 'Reactivate', 'MS domain ID']","User_Error","User requires guidance on reactivating an MS domain account."
"INC47980330","ProcessInformational","OperationalEvents","User Self-Resolved","","0.98","True","Self-resolved ticket; matches informational category.","['self-resolved', 'no help desk']","Unknown","User resolved issue independently; no cause details provided."
"INC47980218","EndpointManagement","Enrollment_Compliance","MDM/Intune","","0.9","False","M365 Intune mobile access & setup for personal devices maps to Intune MDM enrollment/compliance.","['M365', 'Intune', 'Mobile', 'Access', 'Setup', 'Personal Devices']","Configuration","User needs assistance enrolling and configuring personal mobile device with Intune."
"INC47980176","EndpointManagement","Patching_SoftwareDistribution","Driver/Firmware","","0.95","False","Windows firmware update request aligns with endpoint patching/distribution for driver/firmware.","['Windows', 'firmware update']","Change_Related","Device requires or received a firmware update."
"INC47980265","UserAccessAuthentication","IdentityAccess","Windows Hello","","0.95","False","Issue specifically with Windows Hello PIN; maps to IdentityAccess > Windows Hello.","['Windows Hello', 'PIN not working']","Security","Windows Hello PIN authentication failure likely due to credential or policy issue."
"INC47980365","ProcessInformational","OperationalEvents","User Self-Resolved","","1.0","True","Ticket states no help desk support needed and self-resolved, which maps directly to ProcessInformational > OperationalEvents > User Self-Resolved.","['self-resolved', 'No Help Desk support needed']","Unknown","Issue resolved by user; original cause not provided."
"INC47980263","Hardware","PeripheralMalfunction","Monitor","","0.95","False","Explicit hardware issue with a monitor not working; fits Hardware > PeripheralMalfunction > Monitor.","['hardware', 'monitor not working']","Infrastructure","Monitor hardware malfunction or cabling/power issue causing no display."
"INC47980378","ProcessInformational","OperationalEvents","User Self-Resolved","","1.0","True","Marked self-resolved; aligns with ProcessInformational > OperationalEvents > User Self-Resolved.","['self-resolved', 'No Help Desk support needed']","Unknown","Issue resolved by user; original cause not provided."
"INC47980383","ProcessInformational","OperationalEvents","User Self-Resolved","","1.0","True","Marked self-resolved; aligns with ProcessInformational > OperationalEvents > User Self-Resolved.","['self-resolved', 'No Help Desk support needed']","Unknown","Issue resolved by user; original cause not provided."
"INC47980386","ProcessInformational","OperationalEvents","User Self-Resolved","","1.0","True","Marked self-resolved; aligns with ProcessInformational > OperationalEvents > User Self-Resolved.","['self-resolved', 'No Help Desk support needed']","Unknown","Issue resolved by user; original cause not provided."
"INC47980399","ProcessInformational","OperationalEvents","User Self-Resolved","","1.0","True","Marked self-resolved; aligns with ProcessInformational > OperationalEvents > User Self-Resolved.","['self-resolved', 'No Help Desk support needed']","Unknown","Issue resolved by user; original cause not provided."
"INC47980405","ProcessInformational","OperationalEvents","User Self-Resolved","","1.0","True","Marked self-resolved; aligns with ProcessInformational > OperationalEvents > User Self-Resolved.","['self-resolved', 'No Help Desk support needed']","Unknown","Issue resolved by user; original cause not provided."
"INC47980435","ProcessInformational","OperationalEvents","User Self-Resolved","","1.0","True","Marked self-resolved; aligns with ProcessInformational > OperationalEvents > User Self-Resolved.","['self-resolved', 'No Help Desk support needed']","Unknown","Issue resolved by user; original cause not provided."
"INC47980438","ProcessInformational","OperationalEvents","User Self-Resolved","","1.0","True","Marked self-resolved; aligns with ProcessInformational > OperationalEvents > User Self-Resolved.","['self-resolved', 'No Help Desk support needed']","Unknown","Issue resolved by user; original cause not provided."
"INC47980258","Hardware","PeripheralMalfunction","Monitor","","0.8","False","External monitor setup/display issues labeled as Hardware map best to Hardware > PeripheralMalfunction > Monitor.","['hardware', 'external monitor', 'setup', 'display issues']","Configuration","Incorrect display settings or improper cable connection during external monitor setup."
"INC47980172","Software","OSProblems","Update","","0.85","False","Stuck on Windows system update during initial boot maps to OSProblems > Update.","['Windows', 'system update', 'initial boot', 'stuck']","Change_Related","Windows Update process hung during post-update boot sequence."
"INC47980207","Software","ConfigurationIssues","Drive Mappings","","0.95","False","""Unable to Map a network drive"" is a configuration issue with drive mappings.","['Windows', 'map network drive', 'unable']","Configuration","Incorrect or missing drive mapping configuration/credentials or path."
"INC47980493","ProcessInformational","OperationalEvents","User Self-Resolved","","0.99","True","Ticket explicitly states no support needed and self-resolved.","['self-resolved', 'no help desk support']","Unknown","Issue resolved by user; no technical troubleshooting required."
"INC47980506","ProcessInformational","OperationalEvents","User Self-Resolved","","0.99","True","Ticket explicitly states no support needed and self-resolved.","['self-resolved', 'no help desk support']","Unknown","Issue resolved by user; no technical troubleshooting required."
"INC47980514","ProcessInformational","OperationalEvents","User Self-Resolved","","0.99","True","Ticket explicitly states no support needed and self-resolved.","['self-resolved', 'no help desk support']","Unknown","Issue resolved by user; no technical troubleshooting required."
"INC47980147","ProcessInformational","OperationalEvents","Informational Ticket","","0.6","False","""Undefined Product - Unknown Support Structure"" indicates a routing/informational issue rather than a technical failure.","['undefined product', 'unknown support structure']","Unknown","Product/support ownership unclear; ticket created for informational/routing purposes."
"INC47980485","EndUserSupport","SupportRequests","Service Requests","","0.8","False","""Request for Help Desk support"" is a general assistance/service request.","['request', 'help desk support']","Unknown","User requested general assistance; not a technical incident."
"INC47980588","ProcessInformational","OperationalEvents","User Self-Resolved","","0.99","True","Ticket explicitly states no support needed and self-resolved.","['self-resolved', 'no help desk support']","Unknown","Issue resolved by user; no technical troubleshooting required."
"INC47980592","ProcessInformational","OperationalEvents","User Self-Resolved","","0.99","True","Ticket explicitly states no support needed and self-resolved.","['self-resolved', 'no help desk support']","Unknown","Issue resolved by user; no technical troubleshooting required."
"INC47980286","EndpointManagement","Security_Baselines","Disk Encryption","","0.95","False","BitLocker recovery key relates to disk encryption baseline on managed endpoints.","['Windows', 'BitLocker', 'recovery key']","Security","BitLocker entered recovery mode; user requires recovery key (often due to TPM/secure boot or policy changes)."
"INC47980637","ProcessInformational","OperationalEvents","User Self-Resolved","","0.98","True","Ticket explicitly states no Help Desk support needed and self-resolved; maps to ProcessInformational > OperationalEvents > User Self-Resolved.","['self-resolved', 'No Help Desk support needed']","Unknown","User resolved the issue; original cause not provided."
"INC47980641","ProcessInformational","OperationalEvents","User Self-Resolved","","0.98","True","Marked self-resolved, no support required; fits OperationalEvents > User Self-Resolved.","['self-resolved', 'No Help Desk support needed']","Unknown","User fixed the issue independently; no causal details."
"INC47980605","ProcessInformational","OperationalEvents","Informational Ticket","","0.8","False","Subject includes 'Informational' and describes login issue to Debt Manager, but flagged informational rather than a support incident.","['Informational', 'Unable to login', 'Debt Manager']","Unknown","Informational notice about login, not a support incident; specific cause not stated."
"INC47980666","ProcessInformational","OperationalEvents","User Self-Resolved","","0.98","True","Self-resolved; no Help Desk needed aligns with OperationalEvents > User Self-Resolved.","['self-resolved', 'No Help Desk support needed']","Unknown","Issue resolved by user; no cause information."
"INC47980684","ProcessInformational","OperationalEvents","User Self-Resolved","","0.98","True","Clearly indicates self-resolved; maps to ProcessInformational > OperationalEvents > User Self-Resolved.","['self-resolved', 'No Help Desk support needed']","Unknown","User resolved the problem; details not provided."
"INC47980302","EndpointManagement","Security_Baselines","Disk Encryption","Microsoft","0.92","False","BitLocker is Microsoft disk encryption; recovery key prompt after startup aligns with EndpointManagement > Security_Baselines > Disk Encryption.","['BitLocker', 'Recovery Key', 'Startup', 'Disk Encryption']","Security","BitLocker required recovery key at boot, likely due to TPM or Secure Boot configuration change."
"INC47980741","ProcessInformational","OperationalEvents","User Self-Resolved","","0.98","True","Self-resolved no support needed; matches OperationalEvents > User Self-Resolved.","['self-resolved', 'No Help Desk support needed']","Unknown","Resolved by user; no cause stated."
"INC47980742","ProcessInformational","OperationalEvents","User Self-Resolved","","0.98","True","Ticket indicates self-resolved; map to ProcessInformational > OperationalEvents > User Self-Resolved.","['self-resolved', 'No Help Desk support needed']","Unknown","User corrected the issue; underlying cause unspecified."
"INC47980765","ProcessInformational","OperationalEvents","User Self-Resolved","","0.98","True","Explicitly self-resolved; fits OperationalEvents > User Self-Resolved.","['self-resolved', 'No Help Desk support needed']","Unknown","User resolved; no further details."
"INC47980587","Network","VPN_RemoteAccess","Cisco Secure","Cisco","0.95","False","Mentions Cisco Secure Client unable to connect to VPN; aligns with Network > VPN_RemoteAccess > Cisco Secure.","['Cisco Secure Client', 'VPN', 'Unable to connect']","Configuration","Likely VPN client profile/policy misconfiguration preventing tunnel establishment."
"INC47980819","ProcessInformational","OperationalEvents","Informational Ticket","","0.92","False","Description explicitly states it is an informational-only self-service ticket with no support needed, which maps to ProcessInformational > OperationalEvents > Informational Ticket.","['Self-Service', 'Information ticket', 'no support']","Unknown","No incident to resolve; informational-only request."
"INC47980820","ProcessInformational","OperationalEvents","User Self-Resolved","","0.95","True","States ‘No Help Desk support needed: self-resolved’, matching User Self-Resolved under ProcessInformational > OperationalEvents.","['self-resolved', 'no help desk']","User_Error","Issue corrected by user without assistance; likely minor usage or configuration correction."
"INC47980319","UserAccessAuthentication","DirectoryServices","User Provisioning","","0.78","False","Employment status incorrectly showing Leave of Absence in ‘Secure’ suggests an identity/provisioning status issue, aligning with UserAccessAuthentication > DirectoryServices > User Provisioning.","['Employment Status', 'Leave Of Absence', 'Secure', 'provisioning']","Data_Issue","Incorrect HR/provisioning data sync causing user marked as LOA in Secure."
"INC47980836","ProcessInformational","OperationalEvents","User Self-Resolved","","0.95","True","‘No Help Desk support needed: self-resolved’ maps to ProcessInformational > OperationalEvents > User Self-Resolved.","['self-resolved', 'no help desk']","User_Error","User resolved their own issue; likely minor usage or configuration fix."
"INC47980328","Hardware","PeripheralMalfunction","Monitor","","0.95","False","‘monitor | black scree/no display’ indicates a monitor peripheral malfunction, matching Hardware > PeripheralMalfunction > Monitor.","['monitor', 'black screen', 'no display']","Infrastructure","Monitor hardware failure or cabling/power issue leading to no display."
"INC47980881","ProcessInformational","OperationalEvents","User Self-Resolved","","0.95","True","‘No Help Desk support needed: self-resolved’ directly maps to User Self-Resolved.","['self-resolved', 'no help desk']","User_Error","User corrected the issue without support."
"INC47980884","ProcessInformational","OperationalEvents","User Self-Resolved","","0.95","True","Same phrasing indicates the issue was self-resolved; classification is User Self-Resolved.","['self-resolved', 'no help desk']","User_Error","Issue addressed by user; likely minor usage or settings correction."
"INC47980513","ProcessInformational","OperationalEvents","Documentation Request","","0.92","False","‘Informational - Submit a Documentation Only Ticket’ aligns to Documentation Request under OperationalEvents.","['Informational', 'Documentation Only']","Unknown","Documentation-only informational ticket; no incident cause."
"INC47980612","PerformanceOptimization","SystemPerformance","Thermal/Throttling","","0.9","False","Symptoms of loud/constant fan and hot computer indicate thermal issues and possible throttling, mapping to PerformanceOptimization > SystemPerformance > Thermal/Throttling.","['CPU fan loud', 'running constantly', 'computer runs hot']","Capacity","Excessive CPU load or inadequate cooling causing overheating and thermal throttling."
"INC47980928","ProcessInformational","OperationalEvents","User Self-Resolved","","0.95","True","‘No Help Desk support needed: self-resolved’ maps to User Self-Resolved.","['self-resolved', 'no help desk']","User_Error","User corrected the issue; no support required."
"INC47980936","ProcessInformational","OperationalEvents","User Self-Resolved","","0.95","True","Ticket explicitly states no help desk support needed and was self-resolved, which matches ProcessInformational > OperationalEvents > User Self-Resolved.","['self-resolved', 'No Help Desk support needed']","Unknown","Issue was resolved by the user; cause not specified."
"INC47980944","ProcessInformational","OperationalEvents","User Self-Resolved","","0.95","True","Ticket explicitly states no help desk support needed and was self-resolved, aligning with User Self-Resolved informational event.","['self-resolved', 'No Help Desk support needed']","Unknown","Issue was resolved by the user; cause not specified."
"INC47980963","ProcessInformational","OperationalEvents","User Self-Resolved","","0.95","True","Description clearly indicates self-resolved with no help desk needed.","['self-resolved', 'No Help Desk support needed']","Unknown","Issue was resolved by the user; cause not specified."
"INC47980757","Hardware","PeripheralMalfunction","Monitor","","0.9","False","External monitor display issues indicate a malfunction with a hardware peripheral (monitor).","['Hardware', 'External Monitor', 'Display Issues']","Infrastructure","External monitor or cable/port malfunction causing display problems."
"INC47981002","ProcessInformational","OperationalEvents","User Self-Resolved","","0.95","True","Marked as self-resolved with no help desk intervention, matching User Self-Resolved.","['self-resolved', 'No Help Desk support needed']","Unknown","Issue was resolved by the user; cause not specified."
"INC47981004","ProcessInformational","OperationalEvents","User Self-Resolved","","0.95","True","Explicitly states self-resolved; fits informational event User Self-Resolved.","['self-resolved', 'No Help Desk support needed']","Unknown","Issue was resolved by the user; cause not specified."
"INC47981007","ProcessInformational","OperationalEvents","User Self-Resolved","","0.95","True","Self-resolved, no help desk needed, matches User Self-Resolved classification.","['self-resolved', 'No Help Desk support needed']","Unknown","Issue was resolved by the user; cause not specified."
"INC47981016","ProcessInformational","OperationalEvents","User Self-Resolved","","0.95","True","Self-resolved per description; aligns with ProcessInformational > OperationalEvents > User Self-Resolved.","['self-resolved', 'No Help Desk support needed']","Unknown","Issue was resolved by the user; cause not specified."
"INC47980749","Software","OSProblems","Update","","0.8","False","Missing applications following an update suggests an OS update issue impacting installed apps.","['Missing Applications', 'update']","Change_Related","Recent update likely removed or reset applications leading to them missing."
"INC47980823","Hardware","DeviceFailure","Other","","0.75","False","'Hardware - No Power' indicates a device failure but the specific device is not identified, so classify under DeviceFailure > Other.","['Hardware', 'No Power']","Infrastructure","Hardware power/battery failure preventing device from powering on."
"INC47980657","UserAccessAuthentication","IdentityAccess","Windows Hello","","0.85","False","Login requirement specifies Windows Hello or smart card, which maps to identity/authentication and the Windows Hello product.","['Windows Hello', 'smart card', 'login', 'policy requirement']","Security","Security policy requires Windows Hello or smart card; user likely not enrolled or attempting unsupported login method."
"INC47980993","CloudInfrastructure","Virtualization_Remote","Citrix Issues","","0.9","False","Genesys Workspace failing to open/start via Citrix indicates a remote virtualization/Citrix issue.","['Genesys Workspace', 'Citrix', 'opening', 'starting', 'Orange']","Infrastructure","Citrix application launch issue in the specified environment."
"INC47980567","UserAccessAuthentication","IdentityAccess","Password Reset","","0.95","False","Unable to login and request to reset TOPS password is a password reset identity/authentication incident.","['TOPS', 'UNET', 'ORS', 'Unable to login', 'Reset password']","User_Error","User forgot or has an expired TOPS password causing login failure."
"INC47980984","Hardware","DeviceFailure","Endpoint","","0.75","False","Computer not completing initial boot sequence suggests a device hardware failure; device type unspecified so Endpoint fits.","['Hardware', 'Computer', 'Initial boot', 'Not completing boot']","Infrastructure","Hardware fault preventing successful POST/boot."
"INC47980772","EndpointManagement","Enrollment_Compliance","MDM/Intune","","0.85","False","Mobile access to Teams/Outlook tied to M365 Intune points to device enrollment/compliance management.","['M365', 'Intune', 'Mobile', 'Teams', 'Outlook', 'Access']","Configuration","Device not enrolled or non-compliant in Intune causing conditional access blocks for mobile apps."
"INC47980495","UserAccessAuthentication","IdentityAccess","Windows Hello","","0.85","False","Windows Hello PIN not working is an authentication issue specific to Windows Hello.","['Windows Hello', 'PIN', 'Not working']","Configuration","Windows Hello PIN/TPM profile desynced or corrupted, preventing PIN authentication."
"INC47980953","Network","VPN_RemoteAccess","Cisco Secure","Cisco","0.95","False","Cisco Secure Client unable to connect to VPN with Comcast LAN points to VPN remote access, Cisco Secure client.","['Cisco Secure Client', 'VPN', 'Unable to connect', 'Comcast', 'LAN']","Third_Party","Comcast ISP/LAN connectivity issue interfering with VPN connection."
"INC47980965","Network","VPN_RemoteAccess","Cisco Secure","Cisco","0.95","False","Cisco Secure Client issue with personal ISP (Xfinity) and gateway implies VPN remote access via Cisco Secure.","['Cisco Secure Client', 'Personal ISP', 'Xfinity', 'Wired', 'Gateway connection issues']","Third_Party","Xfinity ISP/gateway connectivity problems preventing stable VPN connection."
"INC47980992","UserAccessAuthentication","IdentityAccess","Password Reset","","0.98","False","Explicit request to change/reset MS domain password maps to identity access password reset.","['Change', 'Reset', 'MS Domain Password', 'Windows']","User_Error","User needs password reset due to forgotten or expired domain password."
"INC47980826","EndpointManagement","Security_Baselines","Disk Encryption","","0.9","False","BitLocker recovery key prompt after startup is tied to disk encryption security baseline.","['BitLocker', 'Recovery Key', 'Startup', 'Prompt']","Change_Related","Boot/TPM configuration change (e.g., Windows update or BIOS/TPM change) triggered BitLocker recovery."
"INC47980706","Network","VPN_RemoteAccess","Cisco Secure","Cisco","0.88","False","Mentions Cisco Secure Client and inability to connect, which aligns with VPN remote access issues using the Cisco Secure client.","['Cisco Secure Client', ""can't connect"", 'VPN', 'remote access']","Unknown","User unable to establish VPN connection via Cisco Secure client; specific cause (authentication, client, or profile) not provided."
"INC47980812","EndUserSupport","SupportRequests","Service Requests","","0.92","False","Request to install or uninstall via AppStore is a service/action request rather than an incident.","['Install', 'Uninstall', 'AppStore', 'request']","User_Error","User submitted install/uninstall need via incident; should be handled through AppStore service request process."
"INC47980178","ProcessInformational","OperationalEvents","User Self-Resolved","","0.95","True","Title explicitly states no help desk support needed and self-resolved.","['self-resolved', 'no support needed']","Unknown","Issue was resolved by the user without help desk intervention."
"INC47980203","ProcessInformational","OperationalEvents","User Self-Resolved","","0.95","True","Title explicitly states no help desk support needed and self-resolved.","['self-resolved', 'no support needed']","Unknown","Issue was resolved by the user without help desk intervention."
"INC47980217","ProcessInformational","OperationalEvents","User Self-Resolved","","0.95","True","Title explicitly states no help desk support needed and self-resolved.","['self-resolved', 'no support needed']","Unknown","Issue was resolved by the user without help desk intervention."
"INC47980154","UserAccessAuthentication","IdentityAccess","Other","","0.86","False","A disabled Windows account is an identity/access issue; taxonomy does not have a specific 'disabled account' L3, so 'Other' under IdentityAccess fits.","['Windows account', 'disabled', 'access']","Security","Account disabled due to security policy or administrative action."
"INC47980232","ProcessInformational","OperationalEvents","User Self-Resolved","","0.95","True","Title explicitly states no help desk support needed and self-resolved.","['self-resolved', 'no support needed']","Unknown","Issue was resolved by the user without help desk intervention."
"INC47980238","ProcessInformational","OperationalEvents","User Self-Resolved","","0.95","True","Title explicitly states no help desk support needed and self-resolved.","['self-resolved', 'no support needed']","Unknown","Issue was resolved by the user without help desk intervention."
"INC47980247","ProcessInformational","OperationalEvents","User Self-Resolved","","0.95","True","Title explicitly states no help desk support needed and self-resolved.","['self-resolved', 'no support needed']","Unknown","Issue was resolved by the user without help desk intervention."
"INC47980276","ProcessInformational","OperationalEvents","User Self-Resolved","","0.95","True","Title explicitly states no help desk support needed and self-resolved.","['self-resolved', 'no support needed']","Unknown","Issue was resolved by the user without help desk intervention."
"INC47980284","ProcessInformational","OperationalEvents","User Self-Resolved","","0.98","True","Ticket explicitly states no help desk support needed and self-resolved, which maps to informational user self-resolved.","['self-resolved', 'no help desk support']","Unknown","Issue resolved by user; no cause details provided."
"INC47980272","EndUserSupport","SupportRequests","Access Requests","","0.8","False","Request to reactivate a terminated employee’s Outlook/account is an access request handled by support.","['Outlook', 'reactivate', 'terminated employee', 'account']","Change_Related","Account was disabled due to termination; reactivation requested following status change/re-hire."
"INC47980246","EndUserSupport","SupportRequests","How-To/Config Questions","","0.75","False","User needs assistance transferring files to a new laptop using OneDrive, a how-to/config support need.","['OneDrive', 'transfer files', 'new laptop']","Change_Related","User moving to a new laptop requires guidance on OneDrive file migration."
"INC47980359","ProcessInformational","OperationalEvents","User Self-Resolved","","0.98","True","Marked as no help desk support needed and self-resolved.","['self-resolved']","Unknown","Issue resolved by user; no cause details provided."
"INC47980264","EndUserSupport","SupportRequests","How-To/Config Questions","","0.8","False","‘How To: Reactivate an MS domain ID’ is a guidance/configuration question for support.","['How To', 'reactivate', 'MS domain ID']","Security","User’s MS domain ID was disabled; user seeks steps to reactivate (identity/security process)."
"INC47980252","CloudInfrastructure","Virtualization_Remote","Virtual Desktop Issues","","0.8","False","User cannot log in to VDI; falls under virtual desktop issues. M&A mention suggests domain/environment changes.","['M&A', 'unable to login', 'VDI']","Change_Related","Post-M&A environment/domain changes likely affecting VDI authentication."
"INC47980367","ProcessInformational","OperationalEvents","User Self-Resolved","","0.98","True","Ticket indicates self-resolved; no help desk support required.","['self-resolved']","Unknown","Issue resolved by user; no cause details provided."
"INC47980368","TelephonyContactCenter","UnifiedCommunications","Headset Configuration","","0.7","False","‘Mute stuck’ most likely relates to headset or mic controls/configuration in UC tools.","['mute stuck', 'headset', 'mic']","Configuration","Headset/UC application mute control stuck or misconfigured."
"INC47980376","ProcessInformational","OperationalEvents","User Self-Resolved","","0.98","True","Marked as self-resolved by user.","['self-resolved']","Unknown","Issue resolved by user; no cause details provided."
"INC47980421","ProcessInformational","OperationalEvents","User Self-Resolved","","0.98","True","Marked as self-resolved by user.","['self-resolved']","Unknown","Issue resolved by user; no cause details provided."
"INC47980431","ProcessInformational","OperationalEvents","User Self-Resolved","","0.95","True","Ticket explicitly states self-resolved; no Help Desk support needed. Matches informational operational event: user self-resolved.","['self-resolved', 'No Help Desk support needed']","Unknown","User resolved issue independently; no details provided."
"INC47980436","ProcessInformational","OperationalEvents","User Self-Resolved","","0.95","True","Ticket explicitly states self-resolved; no Help Desk support needed. Matches informational operational event: user self-resolved.","['self-resolved', 'No Help Desk support needed']","Unknown","User resolved issue independently; no details provided."
"INC47980462","ProcessInformational","OperationalEvents","User Self-Resolved","","0.95","True","Ticket explicitly states self-resolved; no Help Desk support needed. Matches informational operational event: user self-resolved.","['self-resolved', 'No Help Desk support needed']","Unknown","User resolved issue independently; no details provided."
"INC47980500","ProcessInformational","OperationalEvents","User Self-Resolved","","0.95","True","Ticket explicitly states self-resolved; no Help Desk support needed. Matches informational operational event: user self-resolved.","['self-resolved', 'No Help Desk support needed']","Unknown","User resolved issue independently; no details provided."
"INC47980427","Network","VPN_RemoteAccess","Cisco Secure","Cisco","0.8","False","Ticket states inability to connect to VPN and mentions Cisco on Windows Wi-Fi. This aligns with VPN remote access using Cisco Secure client.","['Cannot Connect', 'VPN', 'Internet', 'Network', 'Cisco', 'Windows', 'wifi']","Infrastructure","Home Wi-Fi connectivity issues likely prevented Cisco Secure VPN from establishing a tunnel."
"INC47980502","ProcessInformational","OperationalEvents","User Self-Resolved","","0.95","True","Ticket explicitly states self-resolved; no Help Desk support needed. Matches informational operational event: user self-resolved.","['self-resolved', 'No Help Desk support needed']","Unknown","User resolved issue independently; no details provided."
"INC47980171","UserAccessAuthentication","IdentityAccess","Windows Hello","","0.95","False","Windows Hello for Business login issue with fingerprint and forgotten PIN. Maps to Identity & Access under Windows Hello.","['Windows Hello for Business', 'Unable to login', 'fingerprint stopped working', 'forgot pin']","User_Error","User forgot Windows Hello PIN; biometric (fingerprint) enrollment not functioning."
"INC47980269","Software","ApplicationErrors","AppStore Install Failure","","0.8","False","Request to install Intradiem from Appstore implies a failure in enterprise app store installation.","['Install', 'Intradiem', 'Appstore']","Configuration","Installation likely blocked by device management policy or app catalog misconfiguration."
"INC47980569","ProcessInformational","OperationalEvents","User Self-Resolved","","0.95","True","Ticket explicitly states self-resolved; no Help Desk support needed. Matches informational operational event: user self-resolved.","['self-resolved', 'No Help Desk support needed']","Unknown","User resolved issue independently; no details provided."
"INC47980306","Software","ConfigurationIssues","Access Denied","","0.75","False","Microsoft Office activation/license/login issues typically stem from licensing or authentication configuration, which maps to access/config issues.","['Microsoft Office', 'Activation', 'License', 'Login Issues']","Configuration","Office license assignment or activation token misconfiguration causing login/activation failure."
"INC47980318","UserAccessAuthentication","IdentityAccess","MFA/SSO Issues","","0.75","False","Login issue to Jarvis suggests an identity/authentication problem, likely SSO/MFA rather than an application crash.","[]","",""
"INC47980440","ProcessInformational","OperationalEvents","Informational Ticket","","0.8","False","Request for M&A support information is an informational event, not a technical incident.","[]","",""
"INC47980697","ProcessInformational","OperationalEvents","User Self-Resolved","","0.95","False","Ticket explicitly states no Help Desk support needed and self-resolved.","[]","",""
"INC47980447","UserAccessAuthentication","IdentityAccess","MFA/SSO Issues","","0.8","False","Unable to login to TOPS/UNET indicates a cross-application identity/SSO issue rather than a single-app error.","[]","",""
"INC47980714","ProcessInformational","OperationalEvents","User Self-Resolved","","0.95","False","Ticket explicitly states no Help Desk support needed and self-resolved.","[]","",""
"INC47980484","Software","OSProblems","Boot","","0.7","False","Windows machine showing a blank screen points to an OS boot/startup issue.","[]","",""
"INC47980776","ProcessInformational","OperationalEvents","User Self-Resolved","","0.95","False","Ticket explicitly states no Help Desk support needed and self-resolved.","[]","",""
"INC47980449","Network","ConnectivityIssues","ISP Degradation","Time Warner","0.85","False","Unable to connect to internet on wired Time Warner connection indicates ISP issue rather than VPN client failure.","[]","",""
"INC47980472","Software","OSProblems","Update","","0.75","False","Multiple long restarts are commonly associated with OS updates requiring repeated reboots.","[]","",""
"INC47980623","ProcessInformational","OperationalEvents","Informational Ticket","","0.8","False","Marked as informational despite hardware symptom; treated as an informational ticket rather than an actionable incident.","[]","",""
"INC47980796","ProcessInformational","OperationalEvents","User Self-Resolved","","0.98","True","Description explicitly states no help desk support needed and self-resolved.","['self-resolved', 'No Help Desk support needed']","User_Error","User corrected the issue on their own; no support required."
"INC47980801","ProcessInformational","OperationalEvents","User Self-Resolved","","0.98","True","Description explicitly states no help desk support needed and self-resolved.","['self-resolved', 'No Help Desk support needed']","User_Error","User corrected the issue on their own; no support required."
"INC47980374","Hardware","DeviceFailure","Laptop","","0.8","False","""Hardware - Not Charging or No Power"" indicates a device power issue, most commonly a laptop with battery/adapter failure.","['Hardware', 'Not Charging', 'No Power']","Infrastructure","Battery or AC adapter failure leading to no charging/no power."
"INC47980815","ProcessInformational","OperationalEvents","User Self-Resolved","","0.98","True","Description explicitly states no help desk support needed and self-resolved.","['self-resolved', 'No Help Desk support needed']","User_Error","User corrected the issue on their own; no support required."
"INC47980670","Network","VPN_RemoteAccess","Cisco Secure","","0.9","False","Mentions Cisco Secure Client and inability to get internet, indicating a VPN remote access issue specific to Cisco Secure.","['Cisco Secure Client', 'internet', 'VPN']","Configuration","VPN profile/policy misconfiguration causing traffic not to route/allow internet access."
"INC47980832","ProcessInformational","OperationalEvents","User Self-Resolved","","0.98","True","Description explicitly states no help desk support needed and self-resolved.","['self-resolved', 'No Help Desk support needed']","User_Error","User corrected the issue on their own; no support required."
"INC47980579","Network","ConnectivityIssues","LOA/M&A Network Issues","","0.8","False","Mentions M&A and inability to get into GTS, suggesting access impacted by M&A-related network segmentation/LOA processes.","['M&A', 'LOA', 'unable to get into GTS']","Change_Related","Access impacted by ongoing M&A network integration/LOA changes."
"INC47980834","ProcessInformational","OperationalEvents","User Self-Resolved","","0.98","True","Description explicitly states no help desk support needed and self-resolved.","['self-resolved', 'No Help Desk support needed']","User_Error","User corrected the issue on their own; no support required."
"INC47980850","ProcessInformational","OperationalEvents","User Self-Resolved","","0.98","True","Description explicitly states no help desk support needed and self-resolved.","['self-resolved', 'No Help Desk support needed']","User_Error","User corrected the issue on their own; no support required."
"INC47980861","ProcessInformational","OperationalEvents","User Self-Resolved","","0.98","True","Description explicitly states no help desk support needed and self-resolved.","['self-resolved', 'No Help Desk support needed']","User_Error","User corrected the issue on their own; no support required."
"INC47980711","UserAccessAuthentication","IdentityAccess","Password Reset","","0.95","False","Request to change/reset MS domain password clearly maps to identity access password reset.","[]","User_Error","User forgot/expired domain password and needs reset."
"INC47980882","ProcessInformational","OperationalEvents","User Self-Resolved","","0.95","True","Ticket explicitly states no help desk support needed and self-resolved; this is an informational operational event.","[]","Unknown","User resolved issue independently; cause not provided."
"INC47980476","TelephonyContactCenter","ContactCenter","Agent Desktop","","0.9","False","Genesys softphone failing to open is a contact center agent desktop application issue.","[]","Software_Bug","Genesys softphone client not launching properly, likely application glitch or fault."
"INC47980360","EndpointManagement","Security_Baselines","Disk Encryption","","0.95","False","BitLocker recovery key prompt is directly related to disk encryption baseline controls.","[]","Change_Related","TPM/firmware or recent Windows update triggered BitLocker recovery on startup."
"INC47980926","ProcessInformational","OperationalEvents","User Self-Resolved","","0.95","True","Marked as self-resolved; no help desk support required, fits informational operational event.","[]","Unknown","Issue resolved by user; no specific cause stated."
"INC47980939","ProcessInformational","OperationalEvents","User Self-Resolved","","0.95","True","Explicitly self-resolved—belongs to operational informational events.","[]","Unknown","Issue resolved by user; cause not specified."
"INC47980958","ProcessInformational","OperationalEvents","User Self-Resolved","","0.95","True","Ticket states self-resolved; informational operational event.","[]","Unknown","User resolved on their own; no further cause provided."
"INC47980964","ProcessInformational","OperationalEvents","User Self-Resolved","","0.95","True","Self-resolved ticket maps to operational informational events.","[]","Unknown","Resolved by user; no cause details."
"INC47980864","ProcessInformational","OperationalEvents","Power Outage","","0.95","False","Informational note about power outage fits operational events.","[]","Infrastructure","External facility/electrical power outage caused service interruption."
"INC47980871","Network","VPN_RemoteAccess","Cisco Secure","","0.9","False","Cisco Secure Client stuck at connecting is a VPN remote access client issue; personal WiFi/AT&T noted.","[]","Third_Party","Home ISP/Wi-Fi (AT&T) likely causing VPN connectivity problems with Cisco Secure Client."
"INC47980985","ProcessInformational","OperationalEvents","User Self-Resolved","","0.98","True","Ticket explicitly states no Help Desk support needed and self-resolved, which maps to ProcessInformational > OperationalEvents > User Self-Resolved.","['self-resolved', 'no help desk support']","Unknown","Issue was resolved by the user; no cause provided."
"INC47980990","ProcessInformational","OperationalEvents","User Self-Resolved","","0.98","True","User indicated the issue was self-resolved, matching ProcessInformational > OperationalEvents > User Self-Resolved.","['self-resolved', 'no help desk support']","Unknown","User resolved the issue independently; no further details."
"INC47980770","Network","ConnectivityIssues","ISP Degradation","Granite/CenturyLink","0.85","False","Mention of wired connectivity with Granite/CenturyLink and inability to connect to internet indicates an ISP/circuit problem under Network > ConnectivityIssues > ISP Degradation.","['Cisco Secure Client', 'wired', 'Granite', 'CenturyLink', 'cannot connect to internet']","Third_Party","Likely ISP circuit issue (Granite/CenturyLink) causing loss of internet connectivity."
"INC47980705","EndpointManagement","Security_Baselines","Disk Encryption","","0.88","False","BitLocker is disk encryption; prompt after startup aligns with EndpointManagement > Security_Baselines > Disk Encryption.","['BitLocker', 'recovery key', 'startup']","Change_Related","Recent Windows/firmware/TPM change likely triggered BitLocker recovery prompt."
"INC47980759","Hardware","PeripheralMalfunction","Monitor","","0.8","False","External monitor setup/display issues map to Hardware > PeripheralMalfunction > Monitor.","['external monitor', 'setup', 'display issues']","Configuration","Incorrect display settings or cabling/docking configuration causing monitor issues."
"INC47980202","Hardware","PeripheralMalfunction","Printer","","0.78","False","Telecommuter unable to print indicates a printer peripheral issue under Hardware > PeripheralMalfunction > Printer.","['telecommuter', 'unable to print', 'printer']","Configuration","Home printer not added correctly, offline queue, or missing driver."
"INC47980543","Software","OSProblems","Other","","0.7","False","Windows Search is an OS component; generic search issues fit Software > OSProblems > Other.","['Windows', 'Search', 'issues', 'options']","Configuration","Windows Search indexing/settings likely corrupted or disabled."
"INC47980768","TelephonyContactCenter","UnifiedCommunications","Headset Configuration","","0.85","False","No audio from headset maps to UC device setup under TelephonyContactCenter > UnifiedCommunications > Headset Configuration.","['headset', 'no audio']","Configuration","Default audio device/output not configured or muted; possible driver selection issue."
"INC47980221","EndUserSupport","SupportRequests","Service Requests","","0.75","False","New/replacement clinical tablet setup is a provisioning/service request, fitting EndUserSupport > SupportRequests > Service Requests.","['clinical tablet', 'setup', 'new', 'replacement']","Unknown","Provisioning request; no incident/fault indicated."
"INC47980852","UserAccessAuthentication","IdentityAccess","MFA/SSO Issues","Microsoft","0.9","False","Microsoft Authenticator MFA setup aligns with UserAccessAuthentication > IdentityAccess > MFA/SSO Issues.","['Microsoft Authenticator', 'Optumcloud', 'MFA', 'setup']","User_Error","User needs assistance enrolling/configuring Microsoft Authenticator for OptumCloud MFA."
"INC47980908","Network","ConnectivityIssues","LAN/Wired","Mediacom","0.8","False","Ticket states inability to connect to network with a wired connection and references Mediacom; this fits a network connectivity issue for wired LAN/ISP.","['Unable to connect', 'Network', 'Mediacom', 'Wired']","Third_Party","Likely ISP-related wired connectivity issue with Mediacom causing loss of network access."
"INC47980317","ProcessInformational","OperationalEvents","Informational Ticket","","0.9","False","Described as IT Help Center - General Information and Troubleshooting; this matches an informational ticket rather than a specific technical incident.","['Help Center', 'General Information', 'Troubleshooting']","Unknown","Informational request; no specific incident cause provided."
"INC47980155","ProcessInformational","OperationalEvents","User Self-Resolved","","0.95","True","Explicitly states no help desk support needed and self-resolved; aligns with User Self-Resolved informational event.","['Self-resolved', 'No help desk support']","Unknown","Issue resolved by user; specific cause not provided."
"INC47980164","ProcessInformational","OperationalEvents","User Self-Resolved","","0.95","True","Explicitly states no help desk support needed and self-resolved; aligns with User Self-Resolved informational event.","['Self-resolved', 'No help desk support']","Unknown","Issue resolved by user; specific cause not provided."
"INC47980166","ProcessInformational","OperationalEvents","User Self-Resolved","","0.95","True","Explicitly states no help desk support needed and self-resolved; aligns with User Self-Resolved informational event.","['Self-resolved', 'No help desk support']","Unknown","Issue resolved by user; specific cause not provided."
"INC47980167","ProcessInformational","OperationalEvents","User Self-Resolved","","0.95","True","Explicitly states no help desk support needed and self-resolved; aligns with User Self-Resolved informational event.","['Self-resolved', 'No help desk support']","Unknown","Issue resolved by user; specific cause not provided."
"INC47980170","ProcessInformational","OperationalEvents","User Self-Resolved","","0.95","True","Explicitly states no help desk support needed and self-resolved; aligns with User Self-Resolved informational event.","['Self-resolved', 'No help desk support']","Unknown","Issue resolved by user; specific cause not provided."
"INC47980186","ProcessInformational","OperationalEvents","User Self-Resolved","","0.95","True","Explicitly states no help desk support needed and self-resolved; aligns with User Self-Resolved informational event.","['Self-resolved', 'No help desk support']","Unknown","Issue resolved by user; specific cause not provided."
"INC47980201","ProcessInformational","OperationalEvents","User Self-Resolved","","0.95","True","Explicitly states no help desk support needed and self-resolved; aligns with User Self-Resolved informational event.","['Self-resolved', 'No help desk support']","Unknown","Issue resolved by user; specific cause not provided."
"INC47980239","ProcessInformational","OperationalEvents","Informational Ticket","","0.9","False","Explicitly states Self-Service ticket and information-only; aligns with Informational Ticket under OperationalEvents.","['Self-Service', 'Information only', 'No support needed']","Unknown","Informational ticket; no issue to diagnose."
"INC47980240","ProcessInformational","OperationalEvents","User Self-Resolved","","0.98","True","Ticket explicitly states no Help Desk support needed and was self-resolved by the user.","['self-resolved', 'no help desk support needed']","Unknown","User resolved issue independently; underlying cause not specified."
"INC47980244","ProcessInformational","OperationalEvents","User Self-Resolved","","0.98","True","User indicated the issue was self-resolved and no support was required.","['self-resolved', 'no help desk support needed']","Unknown","User resolved issue independently; underlying cause not specified."
"INC47980262","ProcessInformational","OperationalEvents","User Self-Resolved","","0.98","True","Clearly marked as self-resolved; no intervention needed.","['self-resolved', 'no help desk support needed']","Unknown","User resolved issue independently; underlying cause not specified."
"INC47980279","ProcessInformational","OperationalEvents","User Self-Resolved","","0.98","True","Self-resolved per ticket description; information-only.","['self-resolved', 'no help desk support needed']","Unknown","User resolved issue independently; underlying cause not specified."
"INC47980253","EndpointManagement","Enrollment_Compliance","Policy Enforcement","Microsoft","0.8","False","OneDrive mobile upload failure called out with Intune context, suggesting an Intune app protection or compliance policy restricting uploads.","['Intune', 'M365', 'mobile', 'OneDrive', 'unable to upload']","Configuration","Intune app protection/conditional access policy likely blocking file uploads from OneDrive mobile."
"INC47980331","ProcessInformational","OperationalEvents","User Self-Resolved","","0.98","True","Marked self-resolved; no help desk action required.","['self-resolved', 'no help desk support needed']","Unknown","User resolved issue independently; underlying cause not specified."
"INC47980332","ProcessInformational","OperationalEvents","User Self-Resolved","","0.98","True","Ticket states self-resolved by user.","['self-resolved', 'no help desk support needed']","Unknown","User resolved issue independently; underlying cause not specified."
"INC47980303","ProcessInformational","OperationalEvents","Informational Ticket","","0.92","False","Describes a help desk ticket submission event (Lighthouse), not an incident requiring remediation.","['Lighthouse', 'ticket submission']","Unknown","Informational record of ticket submission; no fault indicated."
"INC47980341","ProcessInformational","OperationalEvents","User Self-Resolved","","0.98","True","No Help Desk support needed: self-resolved per description.","['self-resolved', 'no help desk support needed']","Unknown","User resolved issue independently; underlying cause not specified."
"INC47980363","ProcessInformational","OperationalEvents","User Self-Resolved","","0.98","True","Clearly indicates self-resolved and no support needed.","['self-resolved', 'no help desk support needed']","Unknown","User resolved issue independently; underlying cause not specified."
"INC47980372","ProcessInformational","OperationalEvents","User Self-Resolved","","0.96","True","Ticket explicitly states no Help Desk support needed and self-resolved, which maps to ProcessInformational > OperationalEvents > User Self-Resolved.","['self-resolved', 'No Help Desk support needed']","Unknown","User resolved the issue independently; no cause provided."
"INC47980385","ProcessInformational","OperationalEvents","User Self-Resolved","","0.96","True","Indicates self-resolved with no Help Desk support needed, matching User Self-Resolved informational event.","['self-resolved', 'No Help Desk support needed']","Unknown","Issue was resolved by the user; specific cause not stated."
"INC47980423","ProcessInformational","OperationalEvents","User Self-Resolved","","0.96","True","Clearly marked as self-resolved; belongs to ProcessInformational > OperationalEvents > User Self-Resolved.","['self-resolved', 'No Help Desk support needed']","Unknown","User addressed the problem on their own; no causal details provided."
"INC47980426","ProcessInformational","OperationalEvents","User Self-Resolved","","0.96","True","Verbiage confirms self-resolved incident, which fits the User Self-Resolved product.","['self-resolved', 'No Help Desk support needed']","Unknown","User resolution without additional context."
"INC47980464","ProcessInformational","OperationalEvents","User Self-Resolved","","0.96","True","Explicit statement of self-resolution; informational only.","['self-resolved', 'No Help Desk support needed']","Unknown","No root cause provided; user resolved issue."
"INC47980475","ProcessInformational","OperationalEvents","User Self-Resolved","","0.96","True","Self-resolved incident per description; maps to ProcessInformational.","['self-resolved', 'No Help Desk support needed']","Unknown","User fixed the issue; cause unspecified."
"INC47980482","ProcessInformational","OperationalEvents","User Self-Resolved","","0.96","True","Marked self-resolved; aligns with User Self-Resolved informational event.","['self-resolved', 'No Help Desk support needed']","Unknown","User took corrective action; no details on cause."
"INC47980250","UserAccessAuthentication","IdentityAccess","Account Lockout","","0.75","False","Text suggests TOPS and UNET accounts are locked, which corresponds to IdentityAccess > Account Lockout.","['TOPS', 'UNET', 'locked', 'access']","Security","Accounts for TOPS/UNET locked, likely due to multiple failed login attempts."
"INC47980259","Software","ApplicationErrors","Freeze","","0.7","False","Windows screen goes blank when opening a network drive, indicative of Windows Explorer freezing; fits ApplicationErrors > Freeze.","['Windows', 'screen blank', 'network drive', 'Explorer']","Configuration","Windows Explorer likely freezes due to problematic or misconfigured network drive mapping/path."
"INC47980505","ProcessInformational","OperationalEvents","User Self-Resolved","","0.96","True","Description states self-resolved; categorizes as informational User Self-Resolved.","['self-resolved', 'No Help Desk support needed']","Unknown","Issue resolved by user; specific cause not provided."
"INC47980251","UserAccessAuthentication","IdentityAccess","Windows Hello","","0.95","False","Windows Hello PIN authentication failure maps to IdentityAccess > Windows Hello within UserAccessAuthentication.","['Windows Hello', 'PIN', 'not working', 'authentication']","Security","Windows Hello PIN authentication failing; possible TPM/credential desync or PIN state corruption."
"INC47980550","ProcessInformational","OperationalEvents","User Self-Resolved","","0.98","True","Ticket explicitly states no support needed and self-resolved, which maps to OperationalEvents > User Self-Resolved.","['self-resolved', 'no help desk support']","Unknown","Issue resolved by user without assistance; specific cause not provided."
"INC47980450","UserAccessAuthentication","IdentityAccess","MFA/SSO Issues","Entrust","0.9","False","Entrust Identity Guard grid authentication is a form of MFA; login issues fit IdentityAccess > MFA/SSO Issues.","['Entrust Identity Guard', 'grid authentication', 'login issues', 'MFA']","Security","MFA grid challenge failing due to token mismatch or incorrect grid input."
"INC47980554","ProcessInformational","OperationalEvents","Informational Ticket","","0.98","False","Described as self-service informational ticket with no support needed; fits OperationalEvents > Informational Ticket.","['self-service', 'information ticket', 'no support needed']","Unknown","Informational-only ticket; no incident to resolve."
"INC47980205","CloudInfrastructure","Virtualization_Remote","Virtual Desktop Issues","","0.8","False","Access/login to Allina VDI suggests remote virtual desktop access issues; maps to Virtualization_Remote > Virtual Desktop Issues.","['Allina', 'VDI', 'access', 'login', 'virtual desktop']","Security","Authentication or access issue when logging into remote VDI environment."
"INC47980564","ProcessInformational","OperationalEvents","User Self-Resolved","","0.98","True","Explicitly indicates self-resolved with no help desk support.","['self-resolved', 'no help desk support']","Unknown","User resolved without assistance; specific cause not provided."
"INC47980566","ProcessInformational","OperationalEvents","User Self-Resolved","","0.98","True","Explicitly indicates self-resolved with no help desk support.","['self-resolved', 'no help desk support']","Unknown","User resolved without assistance; specific cause not provided."
"INC47980570","ProcessInformational","OperationalEvents","User Self-Resolved","","0.98","True","Explicitly indicates self-resolved with no help desk support.","['self-resolved', 'no help desk support']","Unknown","User resolved without assistance; specific cause not provided."
"INC47980595","ProcessInformational","OperationalEvents","User Self-Resolved","","0.98","True","Explicitly indicates self-resolved with no help desk support.","['self-resolved', 'no help desk support']","Unknown","User resolved without assistance; specific cause not provided."
"INC47980307","Network","VPN_RemoteAccess","Cisco Secure","Cisco","0.95","False","Cisco Secure Client VPN connectivity drops align to Network > VPN_RemoteAccess > Cisco Secure.","['Cisco Secure Client', 'unable to connect', 'connection dropping', 'Wi-Fi', 'cellular', 'VPN']","Infrastructure","Unstable wireless (Wi-Fi/cellular) connectivity causing VPN tunnel drops in Cisco Secure Client."
"INC47980516","UserAccessAuthentication","IdentityAccess","Account Lockout","","0.8","False","Account disabled is an identity/access control issue; closest match in taxonomy is Account Lockout under IdentityAccess.","['Windows 10', 'Windows Account', 'disabled', 'Active Directory', 'account']","Security","Account disabled by security policy or administrative action (e.g., inactivity or lockout)."
"INC47980654","ProcessInformational","OperationalEvents","User Self-Resolved","","0.95","True","Ticket explicitly states no help desk support needed and self-resolved; matches OperationalEvents -> User Self-Resolved.","['self-resolved', 'No Help Desk support needed']","Unknown","Issue resolved by user before support; specific cause not provided."
"INC47980676","ProcessInformational","OperationalEvents","User Self-Resolved","","0.95","True","Ticket explicitly states self-resolved; fits OperationalEvents -> User Self-Resolved.","['self-resolved', 'No Help Desk support needed']","Unknown","Issue resolved by user before support; specific cause not provided."
"INC47980390","Hardware","PeripheralMalfunction","Monitor","","0.9","False","External monitor setup/display problems are hardware peripheral issues, specifically a monitor.","['Hardware', 'External Monitor', 'Setup', 'Display Issues']","Configuration","Incorrect display settings or cabling/adapter issue affecting external monitor."
"INC47980720","ProcessInformational","OperationalEvents","User Self-Resolved","","0.95","True","Explicitly marked as self-resolved; aligns with OperationalEvents -> User Self-Resolved.","['self-resolved', 'No Help Desk support needed']","Unknown","Issue resolved by user; specific cause not provided."
"INC47980722","ProcessInformational","OperationalEvents","User Self-Resolved","","0.95","True","Explicitly marked as self-resolved; aligns with OperationalEvents -> User Self-Resolved.","['self-resolved', 'No Help Desk support needed']","Unknown","Issue resolved by user; specific cause not provided."
"INC47980661","EndUserSupport","SupportRequests","How-To/Config Questions","","0.7","False","“General Information and Troubleshooting” indicates a request for guidance/how-to support rather than a specific defect.","['Sparq Online', 'General Information', 'Troubleshooting']","User_Error","User needed guidance on Sparq Online usage/configuration; no defect indicated."
"INC47980775","ProcessInformational","OperationalEvents","User Self-Resolved","","0.95","True","Explicitly marked as self-resolved; aligns with OperationalEvents -> User Self-Resolved.","['self-resolved', 'No Help Desk support needed']","Unknown","Issue resolved by user; specific cause not provided."
"INC47980355","Software","ApplicationErrors","Error","","0.8","False","“Unable to Launch OnBase (UMR)” indicates an application launch failure, fitting ApplicationErrors.","['OnBase', 'UMR', 'Unable to Launch', 'application error']","Configuration","OnBase client not installed or corrupted/misconfigured shortcut causing launch failure."
"INC47980687","UserAccessAuthentication","IdentityAccess","MFA/SSO Issues","","0.95","False","Microsoft Authenticator enrollment required but device not available is clearly an MFA/SSO issue.","['Microsoft Authenticator', 'registration', 'work phone', 'MFA', 'authentication']","Security","MFA enrollment required by policy, but user's work phone has not been provisioned/shipped yet."
"INC47980575","Software","OSProblems","Update","","0.92","False","Windows Upgrade Assistant problems indicate an OS update/upgrade issue within Windows.","['Windows', 'Upgrade Assistant', 'update', 'OS']","Change_Related","Windows Upgrade Assistant failed during OS update process."
"INC47980650","Software","ConfigurationIssues","Other","","0.6","False","""MS reactivate"" most likely refers to reactivating a Microsoft product/account, which is a configuration/activation issue.","['MS', 'Microsoft', 'reactivate', 'activation']","Configuration","Microsoft software/account deactivated and requires reactivation/sign-in."
"INC47980446","Software","OSProblems","Update","","0.95","False","""Windows - update is stuck"" clearly maps to Windows OS update issues.","['Windows', 'update', 'stuck', 'OS']","Change_Related","Windows update process hung during installation."
"INC47980640","UserAccessAuthentication","IdentityAccess","Account Lockout","","0.85","False","A request to unlock a password indicates an account lockout user access issue.","['password unlock', 'account', 'lockout']","Security","Account locked after multiple failed login attempts."
"INC47980611","Network","ConnectivityIssues","ISP Degradation","","0.88","False","Issue references wired network and Comcast, pointing to an ISP-related connectivity problem affecting VPN.","['VPN', 'network', 'wired', 'Comcast', 'connectivity']","Third_Party","Comcast ISP degradation causing loss of connectivity and VPN access."
"INC47980849","ProcessInformational","OperationalEvents","User Self-Resolved","","0.96","True","Ticket explicitly states no help desk support needed and self-resolved.","['self-resolved', 'no support needed']","Unknown","User resolved the issue without assistance."
"INC47980664","Hardware","PeripheralMalfunction","Monitor","","0.9","False","External monitor setup/display problems indicate a monitor peripheral malfunction or setup issue.","['hardware', 'external monitor', 'display', 'setup']","Configuration","Incorrect display settings or cabling for external monitor."
"INC47980533","Network","VPN_RemoteAccess","Cisco Secure","","0.95","False","Cisco Secure Client host scan stuck is a VPN client issue; note of Spectrum suggests home ISP context but primary symptom is Cisco client.","['Cisco Secure Client', 'host scan', 'Spectrum', 'VPN']","Third_Party","Spectrum ISP instability causing Cisco client host scan to hang."
"INC47980793","TelephonyContactCenter","UnifiedCommunications","Headset Configuration","","0.9","False","Headset troubleshooting on Windows aligns with headset configuration within unified communications.","['headset', 'troubleshoot', 'Windows', 'audio']","Configuration","Windows audio device settings/driver configuration issue for headset."
"INC47980766","TelephonyContactCenter","ContactCenter","Agent Desktop","","0.85","False","Jacada is an agent desktop/contact center tool; login failure maps to agent desktop access issues.","['CPS Jacada', 'unable to login', 'agent desktop']","Security","Account/SSO authentication issue preventing login to Jacada agent desktop."
"INC47980784","TelephonyContactCenter","UnifiedCommunications","SIP/Phones","","0.8","False","""Ghost call"" commonly refers to phantom calls occurring on SIP/phone endpoints within UC systems.","['ghost call', 'SIP', 'phones', 'phantom calls']","Security","SIP scanning/phantom call traffic hitting phone endpoints causing unsolicited call events."
"INC47980231","UserAccessAuthentication","IdentityAccess","MFA/SSO Issues","","0.9","False","Assistance with Microsoft Authenticator and Windows Hello enrollment is an identity/MFA setup issue.","['Microsoft Hello', 'Authenticator', 'MFA', 'registration']","User_Error","User needs guidance to register MFA (Authenticator) and Windows Hello."
"INC47980558","WebApplications","UserInterface","Buttons/Links Not Working","","0.7","False","Provider portal chat being unresponsive indicates a UI interaction element (chat widget/button) not functioning.","['provider portal', 'emulate', 'unresponsive chat']","Software_Bug","Chat widget in provider portal is failing to respond due to front-end/script defect."
"INC47980889","UserAccessAuthentication","IdentityAccess","Password Reset","","0.6","False","""Login information"" for MyHR likely indicates forgotten credentials or password assistance.","['MyHR', 'login information', 'credentials']","User_Error","User does not know/forgot MyHR login credentials."
"INC47981019","Network","VPN_RemoteAccess","Cisco Secure","","0.95","False","Explicitly states Cisco Secure Client cannot connect to VPN; Comcast wired context indicates remote access over ISP.","['Cisco Secure Client', 'VPN', 'Comcast', 'wired']","Third_Party","Home ISP (Comcast) network conditions/blocking preventing successful VPN tunnel establishment."
"INC47980413","Hardware","PeripheralMalfunction","Monitor","","0.6","False","Issue described with TVs (display devices) showing a login screen relates to monitor/peripheral behavior.","['TV', 'login screen', 'Expeditor', 'Suite 201']","Configuration","Digital signage/application session logged out; TVs present login prompt until credentials entered."
"INC47980727","Hardware","PeripheralMalfunction","Monitor","","0.95","False","External monitors not displaying is a clear monitor/peripheral malfunction scenario.","['external monitors', 'not displaying', 'hardware', 'FLW']","Infrastructure","Likely cable/docking station or signal path issue preventing display output to external monitors."
